<?xml version="1.0" encoding="UTF-8"?>
<metadata xml:lang="en"><Esri><CreaDate>20200419</CreaDate><CreaTime>20202300</CreaTime><ArcGISFormat>1.0</ArcGISFormat><SyncOnce>FALSE</SyncOnce><DataProperties><lineage><Process ToolSource="c:\program files (x86)\arcgis\desktop10.1\ArcToolbox\Toolboxes\Data Management Tools.tbx\DefineProjection" Date="20140108" Time="094113">DefineProjection thana_bnd PROJCS['BTM',GEOGCS['GCS_Everest_1830',DATUM['D_Everest_1830',SPHEROID['Everest_1830',6377276.345,300.8017]],PRIMEM['Greenwich',0.0],UNIT['Degree',0.0174532925199433]],PROJECTION['Transverse_Mercator'],PARAMETER['False_Easting',500000.0],PARAMETER['False_Northing',-2000000.0],PARAMETER['Central_Meridian',90.0],PARAMETER['Scale_Factor',0.9996],PARAMETER['Latitude_Of_Origin',0.0],UNIT['Meter',1.0]]</Process><Process ToolSource="c:\program files (x86)\arcgis\desktop10.1\ArcToolbox\Toolboxes\Data Management Tools.tbx\Project" Date="20140108" Time="094240">Project thana_bnd F:\CEGIS_Projects\MOL004_2\Supported_Data\Shape\thana_bnd_wgs1984.shp GEOGCS['GCS_WGS_1984',DATUM['D_WGS_1984',SPHEROID['WGS_1984',6378137.0,298.257223563]],PRIMEM['Greenwich',0.0],UNIT['Degree',0.0174532925199433]] Everest1830_to_WGS84 PROJCS['BTM',GEOGCS['GCS_Everest_1830',DATUM['D_Everest_1830',SPHEROID['Everest_1830',6377276.345,300.8017]],PRIMEM['Greenwich',0.0],UNIT['Degree',0.0174532925199433]],PROJECTION['Transverse_Mercator'],PARAMETER['False_Easting',500000.0],PARAMETER['False_Northing',-2000000.0],PARAMETER['Central_Meridian',90.0],PARAMETER['Scale_Factor',0.9996],PARAMETER['Latitude_Of_Origin',0.0],UNIT['Meter',1.0]]</Process><Process ToolSource="c:\program files (x86)\arcgis\desktop10.3\ArcToolbox\Toolboxes\Data Management Tools.tbx\Dissolve" Date="20200419" Time="201828">Dissolve DCC_Thana C:\Users\Hasib\Documents\ArcGIS\Default.gdb\DCC_Thana_Dissolve # # MULTI_PART DISSOLVE_LINES</Process><Process ToolSource="c:\program files (x86)\arcgis\desktop10.8\ArcToolbox\Toolboxes\Data Management Tools.tbx\Merge" Date="20230228" Time="144336">Merge Dhaka;'BARISHAL CITY CORPORATION';'CHATTOGRAM CITY CORPORATION';'KHULNA CITY CORPORATION';'MYMENSINGH CITY CORPORATION';'RAJSHAHI CITY CORPORATION';'RANGPUR CITY CORPORATION';'SYLHET CITY CORPORATION' "C:\Users\user\Desktop\All Types of BD Data\CityCorporation_Merged\CityCorporation_Merged.shp" "OBJECTID "OBJECTID" true true false 10 Long 0 10 ,First,#,Dhaka,OBJECTID,-1,-1,BARISHAL CITY CORPORATION,OBJECTID,-1,-1,CHATTOGRAM CITY CORPORATION,OBJECTID,-1,-1,KHULNA CITY CORPORATION,OBJECTID,-1,-1,MYMENSINGH CITY CORPORATION,OBJECTID,-1,-1,RAJSHAHI CITY CORPORATION,OBJECTID,-1,-1,RANGPUR CITY CORPORATION,OBJECTID,-1,-1,SYLHET CITY CORPORATION,OBJECTID,-1,-1;Shape_Leng "Shape_Leng" true true false 19 Double 0 0 ,First,#,Dhaka,Shape_Leng,-1,-1,BARISHAL CITY CORPORATION,Shape_Leng,-1,-1,CHATTOGRAM CITY CORPORATION,Shape_Leng,-1,-1,KHULNA CITY CORPORATION,Shape_Leng,-1,-1,MYMENSINGH CITY CORPORATION,Shape_Leng,-1,-1,RAJSHAHI CITY CORPORATION,Shape_Leng,-1,-1,RANGPUR CITY CORPORATION,Shape_Leng,-1,-1,SYLHET CITY CORPORATION,Shape_Leng,-1,-1;Shape_Area "Shape_Area" true true false 19 Double 0 0 ,First,#,Dhaka,Shape_Area,-1,-1,BARISHAL CITY CORPORATION,Shape_Area,-1,-1,CHATTOGRAM CITY CORPORATION,Shape_Area,-1,-1,KHULNA CITY CORPORATION,Shape_Area,-1,-1,MYMENSINGH CITY CORPORATION,Shape_Area,-1,-1,RAJSHAHI CITY CORPORATION,Shape_Area,-1,-1,RANGPUR CITY CORPORATION,Shape_Area,-1,-1,SYLHET CITY CORPORATION,Shape_Area,-1,-1;Area_hec "Area_hec" true true false 19 Double 0 0 ,First,#,Dhaka,Area_hec,-1,-1;city_name "city_name" true true false 100 Text 0 0 ,First,#,BARISHAL CITY CORPORATION,city_name,-1,-1,CHATTOGRAM CITY CORPORATION,city_name,-1,-1,KHULNA CITY CORPORATION,city_name,-1,-1,MYMENSINGH CITY CORPORATION,city_name,-1,-1,RAJSHAHI CITY CORPORATION,city_name,-1,-1,RANGPUR CITY CORPORATION,city_name,-1,-1,SYLHET CITY CORPORATION,city_name,-1,-1;division_c "division_c" true true false 2 Text 0 0 ,First,#,BARISHAL CITY CORPORATION,division_c,-1,-1,CHATTOGRAM CITY CORPORATION,division_c,-1,-1,KHULNA CITY CORPORATION,division_c,-1,-1,MYMENSINGH CITY CORPORATION,division_c,-1,-1,RAJSHAHI CITY CORPORATION,division_c,-1,-1,RANGPUR CITY CORPORATION,division_c,-1,-1,SYLHET CITY CORPORATION,division_c,-1,-1;district_c "district_c" true true false 2 Text 0 0 ,First,#,BARISHAL CITY CORPORATION,district_c,-1,-1,CHATTOGRAM CITY CORPORATION,district_c,-1,-1,KHULNA CITY CORPORATION,district_c,-1,-1,MYMENSINGH CITY CORPORATION,district_c,-1,-1,RAJSHAHI CITY CORPORATION,district_c,-1,-1,RANGPUR CITY CORPORATION,district_c,-1,-1,SYLHET CITY CORPORATION,district_c,-1,-1;city_code "city_code" true true false 2 Text 0 0 ,First,#,BARISHAL CITY CORPORATION,city_code,-1,-1,CHATTOGRAM CITY CORPORATION,city_code,-1,-1,KHULNA CITY CORPORATION,city_code,-1,-1,MYMENSINGH CITY CORPORATION,city_code,-1,-1,RAJSHAHI CITY CORPORATION,city_code,-1,-1,RANGPUR CITY CORPORATION,city_code,-1,-1,SYLHET CITY CORPORATION,city_code,-1,-1;city_geo_c "city_geo_c" true true false 6 Text 0 0 ,First,#,BARISHAL CITY CORPORATION,city_geo_c,-1,-1,CHATTOGRAM CITY CORPORATION,city_geo_c,-1,-1,KHULNA CITY CORPORATION,city_geo_c,-1,-1,MYMENSINGH CITY CORPORATION,city_geo_c,-1,-1,RAJSHAHI CITY CORPORATION,city_geo_c,-1,-1,RANGPUR CITY CORPORATION,city_geo_c,-1,-1,SYLHET CITY CORPORATION,city_geo_c,-1,-1"</Process></lineage><itemProps><itemName Sync="TRUE">CityCorporation_Merged</itemName><imsContentType Sync="TRUE">002</imsContentType><itemLocation><linkage Sync="TRUE">file://\\JUVAIR\Users\user\Desktop\All Types of BD Data\CityCorporation_Merged\CityCorporation_Merged.shp</linkage><protocol Sync="TRUE">Local Area Network</protocol></itemLocation><itemSize Sync="TRUE">0.000</itemSize></itemProps><coordRef><type Sync="TRUE">Projected</type><geogcsn Sync="TRUE">GCS_WGS_1984</geogcsn><csUnits Sync="TRUE">Linear Unit: Meter (1.000000)</csUnits><peXml Sync="TRUE">&lt;ProjectedCoordinateSystem xsi:type='typens:ProjectedCoordinateSystem' xmlns:xsi='http://www.w3.org/2001/XMLSchema-instance' xmlns:xs='http://www.w3.org/2001/XMLSchema' xmlns:typens='http://www.esri.com/schemas/ArcGIS/10.7'&gt;&lt;WKT&gt;PROJCS[&amp;quot;WGS_1984_UTM_Zone_46N&amp;quot;,GEOGCS[&amp;quot;GCS_WGS_1984&amp;quot;,DATUM[&amp;quot;D_WGS_1984&amp;quot;,SPHEROID[&amp;quot;WGS_1984&amp;quot;,6378137.0,298.257223563]],PRIMEM[&amp;quot;Greenwich&amp;quot;,0.0],UNIT[&amp;quot;Degree&amp;quot;,0.0174532925199433]],PROJECTION[&amp;quot;Transverse_Mercator&amp;quot;],PARAMETER[&amp;quot;False_Easting&amp;quot;,500000.0],PARAMETER[&amp;quot;False_Northing&amp;quot;,0.0],PARAMETER[&amp;quot;Central_Meridian&amp;quot;,93.0],PARAMETER[&amp;quot;Scale_Factor&amp;quot;,0.9996],PARAMETER[&amp;quot;Latitude_Of_Origin&amp;quot;,0.0],UNIT[&amp;quot;Meter&amp;quot;,1.0],AUTHORITY[&amp;quot;EPSG&amp;quot;,32646]]&lt;/WKT&gt;&lt;XOrigin&gt;-5120900&lt;/XOrigin&gt;&lt;YOrigin&gt;-9998100&lt;/YOrigin&gt;&lt;XYScale&gt;450445547.3910538&lt;/XYScale&gt;&lt;ZOrigin&gt;-100000&lt;/ZOrigin&gt;&lt;ZScale&gt;10000&lt;/ZScale&gt;&lt;MOrigin&gt;-100000&lt;/MOrigin&gt;&lt;MScale&gt;10000&lt;/MScale&gt;&lt;XYTolerance&gt;0.001&lt;/XYTolerance&gt;&lt;ZTolerance&gt;0.001&lt;/ZTolerance&gt;&lt;MTolerance&gt;0.001&lt;/MTolerance&gt;&lt;HighPrecision&gt;true&lt;/HighPrecision&gt;&lt;WKID&gt;32646&lt;/WKID&gt;&lt;LatestWKID&gt;32646&lt;/LatestWKID&gt;&lt;/ProjectedCoordinateSystem&gt;</peXml><projcsn Sync="TRUE">WGS_1984_UTM_Zone_46N</projcsn></coordRef></DataProperties><ArcGISstyle>XTools Pro Metadata</ArcGISstyle><SyncDate>20230228</SyncDate><SyncTime>14432900</SyncTime><ModDate>20230228</ModDate><ModTime>14432900</ModTime></Esri><dataIdInfo><envirDesc Sync="TRUE"> Version 6.2 (Build 9200) ; Esri ArcGIS 10.8.0.12790</envirDesc><dataLang><languageCode value="eng" Sync="TRUE"></languageCode><countryCode value="USA" Sync="TRUE"></countryCode></dataLang><idCitation><resTitle Sync="TRUE">CityCorporation_Merged</resTitle><presForm><PresFormCd value="005" Sync="TRUE"></PresFormCd></presForm></idCitation><spatRpType><SpatRepTypCd value="001" Sync="TRUE"></SpatRepTypCd></spatRpType></dataIdInfo><mdLang><languageCode value="eng" Sync="TRUE"></languageCode><countryCode value="USA" Sync="TRUE"></countryCode></mdLang><distInfo><distFormat><formatName Sync="TRUE">Shapefile</formatName></distFormat><distTranOps><transSize Sync="TRUE">0.000</transSize></distTranOps></distInfo><mdHrLv><ScopeCd value="005" Sync="TRUE"></ScopeCd></mdHrLv><mdHrLvName Sync="TRUE">dataset</mdHrLvName><refSysInfo><RefSystem><refSysID><identCode code="32646" Sync="TRUE"></identCode><idCodeSpace Sync="TRUE">EPSG</idCodeSpace><idVersion Sync="TRUE">6.11.1(3.0.1)</idVersion></refSysID></RefSystem></refSysInfo><spatRepInfo><VectSpatRep><geometObjs Name="CityCorporation_Merged"><geoObjTyp><GeoObjTypCd value="002" Sync="TRUE"></GeoObjTypCd></geoObjTyp><geoObjCnt Sync="TRUE">0</geoObjCnt></geometObjs><topLvl><TopoLevCd value="001" Sync="TRUE"></TopoLevCd></topLvl></VectSpatRep></spatRepInfo><spdoinfo><ptvctinf><esriterm Name="CityCorporation_Merged"><efeatyp Sync="TRUE">Simple</efeatyp><efeageom code="4" Sync="TRUE"></efeageom><esritopo Sync="TRUE">FALSE</esritopo><efeacnt Sync="TRUE">0</efeacnt><spindex Sync="TRUE">FALSE</spindex><linrefer Sync="TRUE">FALSE</linrefer></esriterm></ptvctinf></spdoinfo><eainfo><detailed Name="CityCorporation_Merged"><enttyp><enttypl Sync="TRUE">CityCorporation_Merged</enttypl><enttypt Sync="TRUE">Feature Class</enttypt><enttypc Sync="TRUE">0</enttypc></enttyp><attr><attrlabl Sync="TRUE">FID</attrlabl><attalias Sync="TRUE">FID</attalias><attrtype Sync="TRUE">OID</attrtype><attwidth Sync="TRUE">4</attwidth><atprecis Sync="TRUE">0</atprecis><attscale Sync="TRUE">0</attscale><attrdef Sync="TRUE">Internal feature number.</attrdef><attrdefs Sync="TRUE">Esri</attrdefs><attrdomv><udom Sync="TRUE">Sequential unique whole numbers that are automatically generated.</udom></attrdomv></attr><attr><attrlabl Sync="TRUE">OBJECTID</attrlabl><attalias Sync="TRUE">OBJECTID</attalias><attrtype Sync="TRUE">Integer</attrtype><attwidth Sync="TRUE">10</attwidth><atprecis Sync="TRUE">10</atprecis><attscale Sync="TRUE">0</attscale><attrdef Sync="TRUE">Internal feature number.</attrdef><attrdefs Sync="TRUE">Esri</attrdefs><attrdomv><udom Sync="TRUE">Sequential unique whole numbers that are automatically generated.</udom></attrdomv></attr><attr><attrlabl Sync="TRUE">Shape</attrlabl><attalias Sync="TRUE">Shape</attalias><attrtype Sync="TRUE">Geometry</attrtype><attwidth Sync="TRUE">0</attwidth><atprecis Sync="TRUE">0</atprecis><attscale Sync="TRUE">0</attscale><attrdef Sync="TRUE">Feature geometry.</attrdef><attrdefs Sync="TRUE">Esri</attrdefs><attrdomv><udom Sync="TRUE">Coordinates defining the features.</udom></attrdomv></attr><attr><attrlabl Sync="TRUE">Shape_Leng</attrlabl><attalias Sync="TRUE">Shape_Leng</attalias><attrtype Sync="TRUE">Double</attrtype><attwidth Sync="TRUE">19</attwidth><atprecis Sync="TRUE">0</atprecis><attscale Sync="TRUE">0</attscale></attr><attr><attrlabl Sync="TRUE">Shape_Area</attrlabl><attalias Sync="TRUE">Shape_Area</attalias><attrtype Sync="TRUE">Double</attrtype><attwidth Sync="TRUE">19</attwidth><atprecis Sync="TRUE">0</atprecis><attscale Sync="TRUE">0</attscale><attrdef Sync="TRUE">Area of feature in internal units squared.</attrdef><attrdefs Sync="TRUE">Esri</attrdefs><attrdomv><udom Sync="TRUE">Positive real numbers that are automatically generated.</udom></attrdomv></attr><attr><attrlabl Sync="TRUE">Area_hec</attrlabl><attalias Sync="TRUE">Area_hec</attalias><attrtype Sync="TRUE">Double</attrtype><attwidth Sync="TRUE">19</attwidth><atprecis Sync="TRUE">0</atprecis><attscale Sync="TRUE">0</attscale></attr><attr><attrlabl Sync="TRUE">city_name</attrlabl><attalias Sync="TRUE">city_name</attalias><attrtype Sync="TRUE">String</attrtype><attwidth Sync="TRUE">100</attwidth><atprecis Sync="TRUE">0</atprecis><attscale Sync="TRUE">0</attscale></attr><attr><attrlabl Sync="TRUE">division_c</attrlabl><attalias Sync="TRUE">division_c</attalias><attrtype Sync="TRUE">String</attrtype><attwidth Sync="TRUE">2</attwidth><atprecis Sync="TRUE">0</atprecis><attscale Sync="TRUE">0</attscale></attr><attr><attrlabl Sync="TRUE">district_c</attrlabl><attalias Sync="TRUE">district_c</attalias><attrtype Sync="TRUE">String</attrtype><attwidth Sync="TRUE">2</attwidth><atprecis Sync="TRUE">0</atprecis><attscale Sync="TRUE">0</attscale></attr><attr><attrlabl Sync="TRUE">city_code</attrlabl><attalias Sync="TRUE">city_code</attalias><attrtype Sync="TRUE">String</attrtype><attwidth Sync="TRUE">2</attwidth><atprecis Sync="TRUE">0</atprecis><attscale Sync="TRUE">0</attscale></attr><attr><attrlabl Sync="TRUE">city_geo_c</attrlabl><attalias Sync="TRUE">city_geo_c</attalias><attrtype Sync="TRUE">String</attrtype><attwidth Sync="TRUE">6</attwidth><atprecis Sync="TRUE">0</atprecis><attscale Sync="TRUE">0</attscale></attr></detailed></eainfo><mdDateSt Sync="TRUE">20230228</mdDateSt><mdChar><CharSetCd value="004" Sync="TRUE"></CharSetCd></mdChar></metadata>
